{
    "learning_rate": -3.36384765625,
    "num_nodes": 17.31705078125,
    "num_layers": 1.783603515625,
    "lr_decay": 0.0005589746093750001,
    "momentum": 0.90733935546875,
    "L2_reg": 3.49648583984375,
    "dropout": 0.2640185546875
}
