{"learning_rate": -3.1047460937499998, "num_nodes": 2.45544921875, "num_layers": 1.081708984375, "lr_decay": 0.000158720703125, "momentum": 0.91343017578125, "L2_reg": 2.12779150390625, "dropout": 0.0348876953125}
