{"learning_rate": -3.1994921874999998, "num_nodes": 19.4575390625, "num_layers": 3.86318359375, "lr_decay": 0.00015388671875000003, "momentum": 0.8770302734375, "L2_reg": 1.4434443359375, "dropout": 0.09821289062500001}
